id;number;api_key;encrypted_data;decrypted_data;registration_date;response_date;request_response;status;reason;pgaps_message;pgaps_transaction_number;active
1;mobile Fish;Home Loan Account Table Computer;Trace;Savings Account alarm;2020-03-30T10:35:37;2020-03-30T09:44:02;transmitter Implementation Electronics;Soap methodology Albania;Home Namibia;Steel zero administration;Multi-channelled Licensed;true
2;syndicate;Mississippi Refined Rubber Chicken Table;Automotive;Planner cross-platform access;2020-03-30T08:44:37;2020-03-30T05:32:47;Monitored Bahamian Dollar Investment Account;Games Regional Digitized;copy convergence;Mayotte;Industrial;true
3;Views e-enable Communications;National Awesome sky blue;Tactics;scale interactive generating;2020-03-30T02:31:33;2020-03-29T11:55:19;Home Loan Account;Plastic;Car Industrial deliverables;orange Books;magenta monitor 1080p;true
4;Identity;Frozen IB;Highway Ergonomic;moratorium moratorium;2020-03-29T17:34:39;2020-03-29T20:53:48;tangible Mississippi;Frozen bus;hard drive Robust Networked;Poland;Small partnerships;false
5;Dynamic;knowledge base Buckinghamshire;Concrete Investment Account Saint Lucia;User-centric;2020-03-30T09:14:25;2020-03-29T20:42:54;Chilean Peso Unidades de fomento;Web virtual deposit;Squares mint green e-business;Ghana back-end National;Direct;false
6;withdrawal;copying;ability Hat Iraq;magenta Concrete;2020-03-30T02:59:06;2020-03-30T05:13:44;Gloves sky blue Oklahoma;robust Engineer;Exclusive Moroccan Dirham card;zero tolerance;mission-critical;true
7;paradigms Home;Investor Public-key;Lebanon;Designer Persistent;2020-03-29T18:57:24;2020-03-30T09:08:50;24/7 Re-contextualized cross-platform;invoice withdrawal;bypassing optical;installation;Argentine Peso;true
8;neural-net red;Buckinghamshire Future-proofed deposit;Quality;synthesize Creative;2020-03-30T07:47:14;2020-03-29T18:52:17;bandwidth azure;SMS Enhanced;Bacon Designer;Equatorial Guinea Vision-oriented;Agent;true
9;THX pink even-keeled;bus Internal AI;THX bypassing Marketing;Dynamic Home Loan Account Tools;2020-03-30T08:39:09;2020-03-29T12:31:29;Supervisor clear-thinking;Latvia;Ports Manager Fish;Networked;Fish;false
10;program alarm;Nevada;Berkshire;dedicated Persevering;2020-03-29T11:44:09;2020-03-29T11:35:40;Cambridgeshire Investor;cross-platform Borders;Libyan Dinar CSS;sensor;Alaska;true
