id;number;corporate_name;firstname;lastname;gps_latitude;gps_longitude;home_phone;mobile_phone;work_phone;other_question;response_of_question;trade_register;address;postal_code;city;email;country_code;partner_code;activity_area_code;customer_type_code;question_code;username;active
1;override PNG;deposit Avon;Clothing deposit;Designer;97479;49327;Intelligent whiteboa;Practical Steel Mous;indexing;XSS;mindshare navigating Money Market Account;drive Analyst Awesome Fresh Hat;Michigan Clothing;Borders HD;Schillerview;*Al&kdV#6b!:AbP0n&,({H~~BFf<L68K0k3E!0>78x%il@3n$|]DAzl/"\vwY86[1t(2Y;Y2LK#.&X__^4/En9_~WDDrAt%I/pOqNd%\CWDR,'=j}_y)}T=vQZDha(;TW;grey Inves;calcu;inter;redef;Shirt SDD;false
2;Compatible AI;Home Loan Account Louisiana;Checking Account Tuna;toolset incentivize;85798;65673;matrices;Savings Account rede;Team-oriented;initiatives;Jordan;Uganda Shilling Cotton;Persevering Personal Loan Account;De-enginee;Myleneborough;fFOw7M(r:<_WRE)lF<9`O6j}]Bu$(32;"_0b';$~I<Q;HLaRgc'=\0Ou?=WVUn@g+jL1cZz.U"8PcEo_W?5j!Q?{j^:$?.iV(R!k|?A3XIiEpSi6G:C\2rI9969'T*sk;YF7C}.r=9`F'Zp\a)K9B:c.FTAD2.k|K&S.0\)u;SJ;Utah COM;Botsw;zero ;Grani;Program;false
3;Concrete Estate;Incredible Sleek Arizona;Shirt Architect Developer;Automotive;32313;63911;COM Fork Borders;open-source Burundi;Music;Metal;lime Chilean Peso Unidades de fomento Officer;feed;communities;Officer Qu;Welchbury;'KVFv0GJ5Br!}hhnSqN[ID[1_Q.ZE1$uGZRiSq`wTAxal[Em\ml[yLW{$uglp6%oi?+s;7F=Rz-A[[]+FRGd%pW#`WX@u1t7)Q#1R6VVvI|QOOE0~X}tMCV4-{[+1ki8aj3:dO58T(0_}ERZpocKjv'o\s.$W;SR;COM back u;East ;navig;Incre;Checking Account utilisation AI;true
4;transmit Awesome optimal;THX;copy Dynamic;solid state program;79781;31719;SAS embrace;Nigeria;firmware;seamless mesh;disintermediate Jordan Savings Account;deploy Advanced;New Mexico;Pakistan R;Nobleview;~o9*lBYIF+!?QgPmUiqA:9Ga(XH$C}*l7(`c1dN4"mo2v('Z8!4"@a'7.]23:^5'uv#+8j7+j]0[b<1"G]Pq9P%[c&R1Jx-g2e]4xeF__X#Y}V#SJk!RK)F!e3m_;SX;Lead cross;enabl;Moldo;Inves;synthesize capacitor Andorra;true
5;synergies;deposit Principal Profound;streamline azure Inlet;Rustic;48587;61735;Fiji;system engine haptic;Generic;interface zero administration networks;Christmas Island;Dong;haptic;card;Lake Kentonville;MsB@y}Hh0hkb`*;?sK09)/l9cO>GXhtnRH&ccs~v(>iNDoJY_6[v:L.Dp2oojO0'.}L:/nGSupjb^Z+C%'HNR%Q:oR~uX<X(&w;BG;connecting;Solut;invoi;Secur;Shirt next-generation;true
6;navigate Idaho Seamless;object-oriented;navigating New Leu primary;Savings Account Landing Delaware;16801;23523;SCSI Field Bermuda;Home;Phased sky blue;Exclusive benchmark;Sleek Wooden Chips bi-directional;Russian Ruble deploy;Roads feed;Director;Lake Bellstad;KN-%BT;4tO.\#*YQ!W/EXO_S$Zi#&s6<-(`_wqp5&]rG,g-RbS3<NPtd?KE!qI/s(dw8GSZ?!6-Z?B^(OlMK[mA@x1bx!6#^|},oVHa[xbO;\h#Has3%o5z+*UiT*N*yk$%bS["Mo&k0Jv_7kV!^=\Z!3:{vMbX>`W,x`*^\mG,=PN;j":NJ('0.S*k<J1ZMmx;BE;Generic;Savin;exten;Turki;Profit-focused;true
7;HDD;Pataca Function-based;collaboration Aruban Guilder;reintermediate efficient Producer;44635;46520;Awesome Rubber Compu;payment;mint green Indonesia;synthesizing Garden;invoice;Via enhance Cotton;Chair Producer Accounts;Switchable;New Desireeton;RE(tYQ1`Y06D2$tFT*0Bb^u?[_:rmlKu5:CaW4GE!?J}$J#xDp@|sC.+~\H)u3\d>pIR?mm"_J.ijeDzT//-LFH}w56#)2g1"=o0'x!w[b]:8ksnoKS!d]f:;7kA)M,,}P;SO;back-end p;Plast;encom;evolv;Lithuania;false
8;morph Village Auto Loan A;Sausages online;Planner navigating;Cambridgeshire;39717;11636;quantifying whiteboa;Syrian Arab Republic;secured line;Graphic Interface;Keyboard;Future-proofed Metrics North Carolina;generating Granite FTP;Investment;Danielborough;DGd)M]U\'He$Ur>TS86rFD&LjEPEo6|[Q@~^h4'.6hU$[vuqn7:FIU>_PL!g$^Smx41vZ^Tkmn1w,iRV~P#~|WRMt#[GR,'mUJxd=:T.kW5h%A3[*WEcoul;GT;Sleek Stee;Versa;San M;Cotto;solutions Refined deposit;false
9;Home Loan Account;intuitive streamline;digital Ferry;Cambridgeshire;75425;5778;Guinea Franc Adminis;Keyboard;Soft;attitude-oriented;Saudi Riyal;Home Loan Account;Manager open-source;orange Soa;Juliannehaven;(sSi$FhEHHaO:sYwA,9$k`h%jE':(MNHv`#,[9RdRC&C]EZA11@/bcMQ7505?9[Ah81*'dan#S1]w5.lg"I3U>{V$eR(`!vvZ,*^b;V3L#qV=B}GCUTf]}cH6S9:XKkZH~0oN$d5*,XSi0O$'iN7%c(J;JM;pink back-;Bucki;parse;Grani;logistical synthesize Concrete;true
10;pink Sports;Personal Loan Account;primary;Sleek Cotton Computer intermediate withdrawal;49933;84435;Rustic;Wooden FTP;alarm;cross-platform Investment Account;Key mobile Direct;Licensed withdrawal Quality;markets Extended programming;Triple-buf;Koelpinfort;ca9HT7u8Cw_>{r4JI<SttdY5wG~{:O/>bm>xIEP"*ps?gT4_YfkD?$L>{Qf_&"pfDFoXLEA?5c@+.'!^k.D1v~W3d_ier9caVVjan<p1$>emT\~GkF.S1`y$>ves,z.~^~1M>j.?4l^{kxfDjEO[g&-]/0;JM;Polarised ;Cambr;Analy;alarm;Buckinghamshire facilitate Green;true
