id;code;name;creation_date;description;update_date
1;prima;neural-net deposit interface;2020-03-30T00:12:50;Serbian Dinar;2020-03-30T02:27:16
2;Cordo;Regional;2020-03-29T15:56:42;Forward Developer Electronics;2020-03-29T20:08:48
3;metho;Gorgeous Chips Rubber;2020-03-30T03:13:43;blue Bedfordshire Shores;2020-03-29T13:27:23
4;Jewel;Kids;2020-03-29T19:19:17;interactive Auto Loan Account;2020-03-29T18:23:15
5;trans;Avon;2020-03-30T07:52:55;EXE payment;2020-03-30T07:10:02
6;Groce;Games one-to-one;2020-03-29T11:40:05;SMS;2020-03-30T03:11:14
7;South;Taka;2020-03-29T13:33:06;Walk infomediaries;2020-03-29T16:15:49
8;Intel;program transmitting;2020-03-29T20:16:04;payment Electronics backing up;2020-03-29T16:10:26
9;Open-;Steel;2020-03-29T21:01:24;override;2020-03-29T11:15:24
10;index;Way motivating;2020-03-30T10:23:31;Personal Loan Account cultivate function;2020-03-29T14:17:09
