id;username;email;firstname;name;msisdn;creation_date;update_date
1;Persevering Wisconsin;mBD,X2cr)De8_P<`ma"`Z^";jr/_c]d]l-A!1yd:1QD8.{@j.W:h.s"M|89z59,G{kw^q\"0yLD,P"~;Z3tR:8?m/!r]e)jomXB'[.cb#Fqmp#4~Fl>4mYT2AcKW";ivory partnerships;Sharable mobile;disintermediate Tast;2020-03-30T06:19:38;2020-03-30T00:49:20
2;ivory Auto Loan Account;{9x&}a9R=bUA#>uBK&n*Hi3PM*!#`!3K=L65`2z7\Rmr77O1KBvXU.Jr~'3zPpdU{)qLQSP>X%"up:q-5?HQAurGFb[1*yWdR@[/;j:x\X5Ii'1{F,==cp\.$hN9n?MT'>ib.ZP;4/xx3OHV){.w#LSrN={iIapt`E;L,Tvf|ZSVoDf3!%zYL1|.KBFD!;lck<`jAhdYkShaQH}_a4j8~D#N?TB%Kr^S7J9G!!'ySyW&x'RcH(;Baby Berkshire emulation;card Stand-alone Soap;virtual Orchestrator;2020-03-29T18:47:33;2020-03-30T08:15:42
3;deposit encompassing Music;k#tu?oz~IB,;nx8xNPb^Qt=nQ$//B-sc]/V7s~.fG_Yd"/AH3nXDUFL\Fo<YfeL1vx|WHGW_wh-~BU+q`]hB8||@(Ol0*F5*IH[H.m?bwD:/bG6#=>}(\USg1ufMSv'wjTG(/rlWZ?``c1yBrTVI$V9iFMdt9*p`bOSyAP,*,pphj..'*K<;San Marino;Home Loan Account Architect;wireless Steel;2020-03-30T03:38:18;2020-03-30T01:34:56
4;Developer India;m+ypd0j2l?RA[RzLY!Nl4+S{@W7.[M5h:woh~6C)7fq%x]TuoXhRpGe\o3i|+ZY*F18thVm5w,N0Jekj5ybyBFEHS}rO)9./g|*BJjK.TU>*.ZX+S~\Q)s7h[O2Gj9o/gu^]DZ,=bacPwO[8BT;k)^Z4t7R<;deposit mesh;driver Plastic synergy;framework Ergonomic ;2020-03-29T15:19:16;2020-03-30T06:22:12
5;Chief;B8zvm9-QbVetv;*dOXRP,?S!WX%YY4V1VzA~>f-~-f!:M*VWm;B;<W.rC7S|K:T=#@V#=iyWxSP(4qEchUL>"uk>=j\">x6-).vz;_dt$dWN5We.~rLpkMVS;ijcg5=l4[YW[QD5VB;}R~hx&iMFGJSsJL:Z{\O$8PF5V778{0(bu!&tT_5BY.%.YAc2b.Z(^"]u6gz5;AI Cotton Manat;Applications Granite;sensor Identity;2020-03-30T08:54:08;2020-03-30T02:22:32
6;Licensed Metal Computer;r3w3^!9kA*gk$4{xmuz9cHT|.4'f@"=GVBbv*W.qks%.9R`;digital Bedfordshire;payment;zero defect Distribu;2020-03-30T10:07:28;2020-03-30T09:44:19
7;TCP;M"7v3t;ok9%HKE5h\N~8tv.++bbCQ+(S1CO\'*RS';2e-]CCZG.,\\3/_iZj}ZLPK2\C`s![pUdj|K~Lv2;l%#Z8J7&bb(@V/.tL$D<A^Q\MeY/^VGlEwI6T?z/rFAG(BgG_AxGrc$^apKb`^Q17}/QXH|TL'Jvc~)L1.8[1[5P;B2B Liaison Dominica;Tactics;frame Outdoors;2020-03-30T07:50:52;2020-03-30T01:36:45
8;leading-edge white facilitate;Pyj:X9cD[A9/B'bIeS<C/v|u'Kx|jZ#1tY2-@DuuLF:P.J[b'2ru]]|QB3|Uk9G%d8\QJW;New Hampshire Handcrafted Concrete Chair cultivate;Fantastic reintermediate compress;Frozen Practical Pla;2020-03-30T07:18:30;2020-03-29T15:37:57
9;Consultant;c9/B8f-mH9T1oi;5|`-*c5|mkbEH!_JDW;08_0by%j'H33~k"G>F}A"D0K$]9lrrBvYxk5b?!udJg|~,YSNv4sz9{Gqn^V0osp"O@hGV.pGl;dot-com Awesome;utilisation object-oriented capacitor;digital Computer Tot;2020-03-30T02:53:15;2020-03-30T02:41:41
10;Moldova;7-IIyZs&$d%)x0K=<n@6.gW$^A=fzbgv'IaXE7=\:#SMKw&ckT.`{H`k2Eu`_HJ;+feZ6cG>Pv3TKhtxwDh}bWaih,V7$GC^;Electronics hierarchy;virtual Colorado;architectures;2020-03-30T05:00:51;2020-03-29T18:13:36
