id;label;start_date;end_date;active
1;mobile Fish;2020-03-29T16:22:32;2020-03-29T20:43:13;true
2;Dam;2020-03-30T08:41:18;2020-03-30T09:41:38;false
3;seamless Metal deposit;2020-03-30T09:44:02;2020-03-29T11:48:37;true
4;Implementation Electronics Officer;2020-03-29T20:16:06;2020-03-30T03:47:10;true
5;Grocery Home;2020-03-29T22:29:36;2020-03-29T20:24:13;false
6;Gorgeous Frozen Pants;2020-03-30T05:30:05;2020-03-30T00:08:32;false
7;Savings Account syndicate Planner;2020-03-29T23:53:08;2020-03-30T09:58:23;true
8;Yuan Renminbi Centers;2020-03-30T10:46:10;2020-03-29T12:18:53;true
9;South Dakota envisioneer Music;2020-03-30T05:32:47;2020-03-29T18:39:59;false
10;Bahamian Dollar Investment Account;2020-03-29T15:05:29;2020-03-30T10:15:45;false
